Title,Category
Accountants,"Management, Business, and Financial"
Actors,"Education, Legal, Community Service, Arts, and Media"
Actuaries,"Management, Business, and Financial"
Acupuncturists,Healthcare Practitioners and Technical
Acute Care Nurses,Healthcare Practitioners and Technical
Adapted Physical Education Specialists,"Education, Legal, Community Service, Arts, and Media"
Adhesive Bonding Machine Operators and Tenders,"Installation, Maintenance, and Repair"
"Administrative Law Judges, Adjudicators, and Hearing Officers","Education, Legal, Community Service, Arts, and Media"
Administrative Services Managers,"Management, Business, and Financial"
Adult Basic and Secondary Education and Literacy Teachers and Instructors,"Education, Legal, Community Service, Arts, and Media"
Advanced Practice Psychiatric Nurses,Healthcare Practitioners and Technical
Advertising Sales Agents,Sales and Related
Advertising and Promotions Managers,"Management, Business, and Financial"
Aerospace Engineering and Operations Technicians,"Computer, Engineering, and Science"
Aerospace Engineers,"Computer, Engineering, and Science"
"Agents and Business Managers of Artists, Performers, and Athletes","Management, Business, and Financial"
Agricultural Engineers,"Computer, Engineering, and Science"
Agricultural Equipment Operators,"Farming, Fishing, and Forestry"
Agricultural Inspectors,"Farming, Fishing, and Forestry"
"Agricultural Sciences Teachers, Postsecondary","Education, Legal, Community Service, Arts, and Media"
Agricultural Technicians,"Computer, Engineering, and Science"
Air Traffic Controllers,Transportation and Material Moving
Aircraft Cargo Handling Supervisors,"Management, Business, and Financial"
Aircraft Mechanics and Service Technicians,"Installation, Maintenance, and Repair"
"Aircraft Structure, Surfaces, Rigging, and Systems Assemblers","Installation, Maintenance, and Repair"
Airfield Operations Specialists,Transportation and Material Moving
"Airline Pilots, Copilots, and Flight Engineers","Computer, Engineering, and Science"
Allergists and Immunologists,Healthcare Practitioners and Technical
"Ambulance Drivers and Attendants, Except Emergency Medical Technicians",Healthcare Practitioners and Technical
Amusement and Recreation Attendants,Service
Anesthesiologist Assistants,Healthcare Practitioners and Technical
Anesthesiologists,Healthcare Practitioners and Technical
Animal Breeders,"Farming, Fishing, and Forestry"
Animal Control Workers,"Farming, Fishing, and Forestry"
Animal Scientists,"Farming, Fishing, and Forestry"
Animal Trainers,"Farming, Fishing, and Forestry"
Anthropologists,"Computer, Engineering, and Science"
"Anthropology and Archeology Teachers, Postsecondary","Education, Legal, Community Service, Arts, and Media"
"Appraisers, Real Estate","Management, Business, and Financial"
Aquacultural Managers,"Management, Business, and Financial"
"Arbitrators, Mediators, and Conciliators","Education, Legal, Community Service, Arts, and Media"
Archeologists,"Computer, Engineering, and Science"
"Architects, Except Landscape and Naval",Construction and Extraction
Architectural Drafters,Construction and Extraction
Architectural and Engineering Managers,"Management, Business, and Financial"
"Architecture Teachers, Postsecondary","Education, Legal, Community Service, Arts, and Media"
Archivists,Office and Administrative Support
"Area, Ethnic, and Cultural Studies Teachers, Postsecondary","Education, Legal, Community Service, Arts, and Media"
Art Directors,"Education, Legal, Community Service, Arts, and Media"
Art Therapists,Healthcare Practitioners and Technical
"Art, Drama, and Music Teachers, Postsecondary","Education, Legal, Community Service, Arts, and Media"
Assessors,Construction and Extraction
Astronomers,"Computer, Engineering, and Science"
Athletes and Sports Competitors,"Computer, Engineering, and Science"
Athletic Trainers,"Education, Legal, Community Service, Arts, and Media"
Atmospheric and Space Scientists,"Computer, Engineering, and Science"
"Atmospheric, Earth, Marine, and Space Sciences Teachers, Postsecondary","Education, Legal, Community Service, Arts, and Media"
Audio and Video Equipment Technicians,"Installation, Maintenance, and Repair"
Audio-Visual and Multimedia Collections Specialists,"Education, Legal, Community Service, Arts, and Media"
Audiologists,Healthcare Practitioners and Technical
Auditors,"Management, Business, and Financial"
Automotive Body and Related Repairers,"Installation, Maintenance, and Repair"
Automotive Engineering Technicians,"Computer, Engineering, and Science"
Automotive Engineers,"Computer, Engineering, and Science"
Automotive Glass Installers and Repairers,"Installation, Maintenance, and Repair"
Automotive Master Mechanics,"Installation, Maintenance, and Repair"
Automotive Specialty Technicians,"Installation, Maintenance, and Repair"
Automotive and Watercraft Service Attendants,Service
Aviation Inspectors,"Installation, Maintenance, and Repair"
Avionics Technicians,"Installation, Maintenance, and Repair"
Baggage Porters and Bellhops,Service
Bailiffs,"Education, Legal, Community Service, Arts, and Media"
Bakers,Service
Barbers,Service
Baristas,Service
Bartenders,Service
Bicycle Repairers,"Installation, Maintenance, and Repair"
Bill and Account Collectors,"Management, Business, and Financial"
"Billing, Cost, and Rate Clerks",Office and Administrative Support
Biochemical Engineers,"Computer, Engineering, and Science"
Biochemists and Biophysicists,"Computer, Engineering, and Science"
Biofuels Processing Technicians,"Installation, Maintenance, and Repair"
Biofuels Production Managers,"Management, Business, and Financial"
Biofuels/Biodiesel Technology and Product Development Managers,"Management, Business, and Financial"
Bioinformatics Scientists,"Computer, Engineering, and Science"
Bioinformatics Technicians,"Installation, Maintenance, and Repair"
"Biological Science Teachers, Postsecondary","Education, Legal, Community Service, Arts, and Media"
Biological Technicians,"Computer, Engineering, and Science"
Biologists,"Computer, Engineering, and Science"
Biomass Plant Technicians,"Installation, Maintenance, and Repair"
Biomass Power Plant Managers,"Management, Business, and Financial"
Biomedical Engineers,"Computer, Engineering, and Science"
Biostatisticians,"Computer, Engineering, and Science"
Boilermakers,Construction and Extraction
"Bookkeeping, Accounting, and Auditing Clerks","Management, Business, and Financial"
Brickmasons and Blockmasons,Construction and Extraction
Bridge and Lock Tenders,Transportation and Material Moving
Broadcast News Analysts,"Education, Legal, Community Service, Arts, and Media"
Broadcast Technicians,"Education, Legal, Community Service, Arts, and Media"
Brokerage Clerks,Office and Administrative Support
Brownfield Redevelopment Specialists and Site Managers,"Management, Business, and Financial"
Budget Analysts,"Management, Business, and Financial"
"Bus Drivers, School or Special Client",Transportation and Material Moving
"Bus Drivers, Transit and Intercity",Transportation and Material Moving
Bus and Truck Mechanics and Diesel Engine Specialists,"Installation, Maintenance, and Repair"
Business Continuity Planners,"Management, Business, and Financial"
Business Intelligence Analysts,"Management, Business, and Financial"
"Business Teachers, Postsecondary","Education, Legal, Community Service, Arts, and Media"
Butchers and Meat Cutters,Production
"Buyers and Purchasing Agents, Farm Products",Sales and Related
Cabinetmakers and Bench Carpenters,Construction and Extraction
"Camera Operators, Television, Video, and Motion Picture","Education, Legal, Community Service, Arts, and Media"
Camera and Photographic Equipment Repairers,"Installation, Maintenance, and Repair"
Cardiovascular Technologists and Technicians,Healthcare Practitioners and Technical
"Career/Technical Education Teachers, Middle School","Education, Legal, Community Service, Arts, and Media"
"Career/Technical Education Teachers, Secondary School","Education, Legal, Community Service, Arts, and Media"
Cargo and Freight Agents,Transportation and Material Moving
Carpet Installers,"Installation, Maintenance, and Repair"
Cartographers and Photogrammetrists,"Computer, Engineering, and Science"
Cashiers,Service
Cement Masons and Concrete Finishers,Construction and Extraction
Chefs and Head Cooks,Service
Chemical Engineers,"Computer, Engineering, and Science"
Chemical Equipment Operators and Tenders,"Installation, Maintenance, and Repair"
Chemical Plant and System Operators,"Installation, Maintenance, and Repair"
Chemical Technicians,"Computer, Engineering, and Science"
"Chemistry Teachers, Postsecondary","Education, Legal, Community Service, Arts, and Media"
Chemists,"Computer, Engineering, and Science"
Chief Executives,"Management, Business, and Financial"
Chief Sustainability Officers,"Management, Business, and Financial"
"Child, Family, and School Social Workers","Education, Legal, Community Service, Arts, and Media"
Childcare Workers,Healthcare Practitioners and Technical
Chiropractors,Healthcare Practitioners and Technical
Choreographers,"Education, Legal, Community Service, Arts, and Media"
City and Regional Planning Aides,"Education, Legal, Community Service, Arts, and Media"
Civil Drafters,"Education, Legal, Community Service, Arts, and Media"
Civil Engineering Technicians,"Computer, Engineering, and Science"
Civil Engineers,"Computer, Engineering, and Science"
"Claims Examiners, Property and Casualty Insurance","Management, Business, and Financial"
Cleaners of Vehicles and Equipment,Service
"Cleaning, Washing, and Metal Pickling Equipment Operators and Tenders","Installation, Maintenance, and Repair"
Clergy,"Education, Legal, Community Service, Arts, and Media"
Climate Change Analysts,"Management, Business, and Financial"
Clinical Data Managers,"Management, Business, and Financial"
Clinical Nurse Specialists,Healthcare Practitioners and Technical
Clinical Psychologists,"Education, Legal, Community Service, Arts, and Media"
Clinical Research Coordinators,Healthcare Practitioners and Technical
Coaches and Scouts,"Education, Legal, Community Service, Arts, and Media"
"Coating, Painting, and Spraying Machine Setters, Operators, and Tenders","Installation, Maintenance, and Repair"
"Coil Winders, Tapers, and Finishers","Installation, Maintenance, and Repair"
"Coin, Vending, and Amusement Machine Servicers and Repairers","Installation, Maintenance, and Repair"
"Combined Food Preparation and Serving Workers, Including Fast Food",Service
Commercial Divers,"Installation, Maintenance, and Repair"
Commercial Pilots,Transportation and Material Moving
Commercial and Industrial Designers,"Education, Legal, Community Service, Arts, and Media"
"Communications Teachers, Postsecondary","Education, Legal, Community Service, Arts, and Media"
Community Health Workers,Healthcare Practitioners and Technical
Compensation and Benefits Managers,"Management, Business, and Financial"
"Compensation, Benefits, and Job Analysis Specialists","Management, Business, and Financial"
Compliance Managers,"Management, Business, and Financial"
Computer Hardware Engineers,"Computer, Engineering, and Science"
Computer Network Architects,"Computer, Engineering, and Science"
Computer Network Support Specialists,"Computer, Engineering, and Science"
"Computer Numerically Controlled Machine Tool Programmers, Metal and Plastic","Computer, Engineering, and Science"
Computer Operators,"Computer, Engineering, and Science"
Computer Programmers,"Computer, Engineering, and Science"
"Computer Science Teachers, Postsecondary","Computer, Engineering, and Science"
Computer Systems Analysts,"Computer, Engineering, and Science"
Computer Systems Engineers/Architects,"Computer, Engineering, and Science"
Computer User Support Specialists,"Computer, Engineering, and Science"
Computer and Information Research Scientists,"Computer, Engineering, and Science"
Computer and Information Systems Managers,"Management, Business, and Financial"
"Computer, Automated Teller, and Office Machine Repairers","Installation, Maintenance, and Repair"
"Computer-Controlled Machine Tool Operators, Metal and Plastic","Computer, Engineering, and Science"
Concierges,Service
Construction Carpenters,Construction and Extraction
Construction Laborers,Construction and Extraction
Construction Managers,"Management, Business, and Financial"
Construction and Building Inspectors,Construction and Extraction
Continuous Mining Machine Operators,Construction and Extraction
"Control and Valve Installers and Repairers, Except Mechanical Door","Installation, Maintenance, and Repair"
Conveyor Operators and Tenders,Production
"Cooks, Fast Food",Service
"Cooks, Institution and Cafeteria",Service
"Cooks, Private Household",Service
"Cooks, Restaurant",Service
"Cooks, Short Order",Service
Cooling and Freezing Equipment Operators and Tenders,Production
Copy Writers,Service
Coroners,Healthcare Practitioners and Technical
Correctional Officers and Jailers,"Education, Legal, Community Service, Arts, and Media"
Correspondence Clerks,Office and Administrative Support
Cost Estimators,"Management, Business, and Financial"
Costume Attendants,Service
Counseling Psychologists,"Education, Legal, Community Service, Arts, and Media"
"Counter Attendants, Cafeteria, Food Concession, and Coffee Shop",Service
Counter and Rental Clerks,"Management, Business, and Financial"
Couriers and Messengers,Healthcare Practitioners and Technical
Court Clerks,"Education, Legal, Community Service, Arts, and Media"
Court Reporters,"Education, Legal, Community Service, Arts, and Media"
Craft Artists,"Education, Legal, Community Service, Arts, and Media"
Crane and Tower Operators,Construction and Extraction
Credit Analysts,"Management, Business, and Financial"
Credit Authorizers,"Management, Business, and Financial"
Credit Checkers,"Management, Business, and Financial"
Credit Counselors,"Management, Business, and Financial"
Criminal Investigators and Special Agents,"Education, Legal, Community Service, Arts, and Media"
"Criminal Justice and Law Enforcement Teachers, Postsecondary","Education, Legal, Community Service, Arts, and Media"
Critical Care Nurses,Healthcare Practitioners and Technical
Crossing Guards,Service
"Crushing, Grinding, and Polishing Machine Setters, Operators, and Tenders",Construction and Extraction
Curators,"Education, Legal, Community Service, Arts, and Media"
Customer Service Representatives,Sales and Related
Customs Brokers,"Management, Business, and Financial"
"Cutters and Trimmers, Hand",Production
"Cutting and Slicing Machine Setters, Operators, and Tenders",Service
"Cutting, Punching, and Press Machine Setters, Operators, and Tenders, Metal and Plastic",Production
Cytogenetic Technologists,"Education, Legal, Community Service, Arts, and Media"
Cytotechnologists,Healthcare Practitioners and Technical
Dancers,"Education, Legal, Community Service, Arts, and Media"
Data Entry Keyers,Office and Administrative Support
Data Warehousing Specialists,"Computer, Engineering, and Science"
Database Administrators,"Computer, Engineering, and Science"
Database Architects,"Computer, Engineering, and Science"
Demonstrators and Product Promoters,Sales and Related
Dental Assistants,"Education, Legal, Community Service, Arts, and Media"
Dental Hygienists,"Education, Legal, Community Service, Arts, and Media"
Dental Laboratory Technicians,"Computer, Engineering, and Science"
"Dentists, General","Education, Legal, Community Service, Arts, and Media"
Dermatologists,"Education, Legal, Community Service, Arts, and Media"
"Derrick Operators, Oil and Gas",Construction and Extraction
Desktop Publishers,"Education, Legal, Community Service, Arts, and Media"
Diagnostic Medical Sonographers,Healthcare Practitioners and Technical
Dietetic Technicians,"Education, Legal, Community Service, Arts, and Media"
Dietitians and Nutritionists,"Education, Legal, Community Service, Arts, and Media"
Dining Room and Cafeteria Attendants and Bartender Helpers,Service
"Directors, Religious Activities and Education","Management, Business, and Financial"
"Directors- Stage, Motion Pictures, Television, and Radio","Education, Legal, Community Service, Arts, and Media"
Dishwashers,Service
"Dispatchers, Except Police, Fire, and Ambulance","Education, Legal, Community Service, Arts, and Media"
Distance Learning Coordinators,"Education, Legal, Community Service, Arts, and Media"
Document Management Specialists,Office and Administrative Support
"Door-To-Door Sales Workers, News and Street Vendors, and Related Workers",Sales and Related
Dredge Operators,"Installation, Maintenance, and Repair"
"Drilling and Boring Machine Tool Setters, Operators, and Tenders, Metal and Plastic",Construction and Extraction
Driver/Sales Workers,Sales and Related
Drywall and Ceiling Tile Installers,"Installation, Maintenance, and Repair"
"Earth Drillers, Except Oil and Gas",Construction and Extraction
"Economics Teachers, Postsecondary","Education, Legal, Community Service, Arts, and Media"
Economists,"Computer, Engineering, and Science"
Editors,Service
"Education Administrators, Elementary and Secondary School","Education, Legal, Community Service, Arts, and Media"
"Education Administrators, Postsecondary","Education, Legal, Community Service, Arts, and Media"
"Education Administrators, Preschool and Childcare Center/Program","Education, Legal, Community Service, Arts, and Media"
"Education Teachers, Postsecondary","Education, Legal, Community Service, Arts, and Media"
"Educational, Guidance, School, and Vocational Counselors","Education, Legal, Community Service, Arts, and Media"
"Electric Motor, Power Tool, and Related Repairers","Installation, Maintenance, and Repair"
Electrical Drafters,"Computer, Engineering, and Science"
Electrical Engineering Technicians,"Computer, Engineering, and Science"
Electrical Engineering Technologists,"Computer, Engineering, and Science"
Electrical Engineers,"Computer, Engineering, and Science"
Electrical Power-Line Installers and Repairers,"Installation, Maintenance, and Repair"
Electrical and Electronic Equipment Assemblers,"Installation, Maintenance, and Repair"
"Electrical and Electronics Installers and Repairers, Transportation Equipment","Installation, Maintenance, and Repair"
"Electrical and Electronics Repairers, Commercial and Industrial Equipment","Installation, Maintenance, and Repair"
"Electrical and Electronics Repairers, Powerhouse, Substation, and Relay","Installation, Maintenance, and Repair"
Electricians,"Installation, Maintenance, and Repair"
Electro-Mechanical Technicians,"Installation, Maintenance, and Repair"
Electromechanical Engineering Technologists,"Computer, Engineering, and Science"
Electromechanical Equipment Assemblers,"Installation, Maintenance, and Repair"
Electronic Drafters,"Computer, Engineering, and Science"
"Electronic Equipment Installers and Repairers, Motor Vehicles","Installation, Maintenance, and Repair"
Electronic Home Entertainment Equipment Installers and Repairers,"Installation, Maintenance, and Repair"
Electronics Engineering Technicians,"Computer, Engineering, and Science"
Electronics Engineering Technologists,"Computer, Engineering, and Science"
"Electronics Engineers, Except Computer","Computer, Engineering, and Science"
"Elementary School Teachers, Except Special Education","Education, Legal, Community Service, Arts, and Media"
Elevator Installers and Repairers,"Installation, Maintenance, and Repair"
"Eligibility Interviewers, Government Programs","Education, Legal, Community Service, Arts, and Media"
Embalmers,Service
Emergency Management Directors,"Management, Business, and Financial"
Emergency Medical Technicians and Paramedics,Healthcare Practitioners and Technical
Endoscopy Technicians,Healthcare Practitioners and Technical
Energy Auditors,"Management, Business, and Financial"
Energy Brokers,"Management, Business, and Financial"
Energy Engineers,"Computer, Engineering, and Science"
Engine and Other Machine Assemblers,"Installation, Maintenance, and Repair"
"Engineering Teachers, Postsecondary","Education, Legal, Community Service, Arts, and Media"
"English Language and Literature Teachers, Postsecondary","Education, Legal, Community Service, Arts, and Media"
Environmental Compliance Inspectors,"Education, Legal, Community Service, Arts, and Media"
Environmental Economists,"Computer, Engineering, and Science"
Environmental Engineering Technicians,"Computer, Engineering, and Science"
Environmental Engineers,"Computer, Engineering, and Science"
Environmental Restoration Planners,"Computer, Engineering, and Science"
"Environmental Science Teachers, Postsecondary","Education, Legal, Community Service, Arts, and Media"
"Environmental Science and Protection Technicians, Including Health","Computer, Engineering, and Science"
"Environmental Scientists and Specialists, Including Health","Computer, Engineering, and Science"
Epidemiologists,"Education, Legal, Community Service, Arts, and Media"
Equal Opportunity Representatives and Officers,"Management, Business, and Financial"
Etchers and Engravers,"Management, Business, and Financial"
Excavating and Loading Machine and Dragline Operators,Construction and Extraction
Executive Secretaries and Executive Administrative Assistants,Office and Administrative Support
Exercise Physiologists,"Education, Legal, Community Service, Arts, and Media"
"Explosives Workers, Ordnance Handling Experts, and Blasters",Construction and Extraction
"Extruding and Drawing Machine Setters, Operators, and Tenders, Metal and Plastic","Installation, Maintenance, and Repair"
"Extruding and Forming Machine Setters, Operators, and Tenders, Synthetic and Glass Fibers","Installation, Maintenance, and Repair"
"Extruding, Forming, Pressing, and Compacting Machine Setters, Operators, and Tenders","Installation, Maintenance, and Repair"
"Fabric Menders, Except Garment","Installation, Maintenance, and Repair"
Fabric and Apparel Patternmakers,"Education, Legal, Community Service, Arts, and Media"
Fallers,"Farming, Fishing, and Forestry"
Family and General Practitioners,Healthcare Practitioners and Technical
Farm Equipment Mechanics and Service Technicians,"Installation, Maintenance, and Repair"
Farm Labor Contractors,"Farming, Fishing, and Forestry"
Farm and Home Management Advisors,Office and Administrative Support
Farm and Ranch Managers,"Management, Business, and Financial"
"Farmworkers and Laborers, Crop","Farming, Fishing, and Forestry"
"Farmworkers, Farm, Ranch, and Aquacultural Animals","Farming, Fishing, and Forestry"
Fashion Designers,"Education, Legal, Community Service, Arts, and Media"
Fence Erectors,Construction and Extraction
Fiberglass Laminators and Fabricators,Production
File Clerks,Office and Administrative Support
Film and Video Editors,"Education, Legal, Community Service, Arts, and Media"
Financial Analysts,"Management, Business, and Financial"
Financial Examiners,"Management, Business, and Financial"
"Financial Managers, Branch or Department","Management, Business, and Financial"
Financial Quantitative Analysts,"Management, Business, and Financial"
"Fine Artists, Including Painters, Sculptors, and Illustrators","Education, Legal, Community Service, Arts, and Media"
Fire Inspectors,"Education, Legal, Community Service, Arts, and Media"
Fire Investigators,"Education, Legal, Community Service, Arts, and Media"
Fire-Prevention and Protection Engineers,"Computer, Engineering, and Science"
First-Line Supervisors of Agricultural Crop and Horticultural Workers,"Management, Business, and Financial"
First-Line Supervisors of Animal Husbandry and Animal Care Workers,"Management, Business, and Financial"
First-Line Supervisors of Aquacultural Workers,"Management, Business, and Financial"
First-Line Supervisors of Construction Trades and Extraction Workers,"Management, Business, and Financial"
First-Line Supervisors of Correctional Officers,"Management, Business, and Financial"
First-Line Supervisors of Food Preparation and Serving Workers,Service
"First-Line Supervisors of Helpers, Laborers, and Material Movers, Hand","Management, Business, and Financial"
First-Line Supervisors of Housekeeping and Janitorial Workers,Service
"First-Line Supervisors of Landscaping, Lawn Service, and Groundskeeping Workers","Management, Business, and Financial"
First-Line Supervisors of Logging Workers,"Management, Business, and Financial"
"First-Line Supervisors of Mechanics, Installers, and Repairers","Management, Business, and Financial"
First-Line Supervisors of Non-Retail Sales Workers,"Management, Business, and Financial"
First-Line Supervisors of Office and Administrative Support Workers,"Management, Business, and Financial"
First-Line Supervisors of Personal Service Workers,"Management, Business, and Financial"
First-Line Supervisors of Police and Detectives,"Management, Business, and Financial"
First-Line Supervisors of Production and Operating Workers,"Management, Business, and Financial"
First-Line Supervisors of Retail Sales Workers,"Management, Business, and Financial"
First-Line Supervisors of Transportation and Material-Moving Machine and Vehicle Operators,"Management, Business, and Financial"
Fish and Game Wardens,"Education, Legal, Community Service, Arts, and Media"
Fishers and Related Fishing Workers,"Farming, Fishing, and Forestry"
Fitness Trainers and Aerobics Instructors,"Education, Legal, Community Service, Arts, and Media"
Fitness and Wellness Coordinators,Healthcare Practitioners and Technical
Flight Attendants,Transportation and Material Moving
"Floor Layers, Except Carpet, Wood, and Hard Tiles","Installation, Maintenance, and Repair"
Floor Sanders and Finishers,"Installation, Maintenance, and Repair"
Floral Designers,Service
Food Batchmakers,Service
Food Cooking Machine Operators and Tenders,Service
Food Preparation Workers,Service
Food Science Technicians,"Computer, Engineering, and Science"
Food Scientists and Technologists,"Computer, Engineering, and Science"
"Food Servers, Nonrestaurant",Service
Food Service Managers,"Management, Business, and Financial"
"Food and Tobacco Roasting, Baking, and Drying Machine Operators and Tenders",Service
"Foreign Language and Literature Teachers, Postsecondary","Education, Legal, Community Service, Arts, and Media"
Forensic Science Technicians,"Education, Legal, Community Service, Arts, and Media"
Forest Fire Fighting and Prevention Supervisors,"Management, Business, and Financial"
Forest Fire Inspectors and Prevention Specialists,"Farming, Fishing, and Forestry"
Forest Firefighters,"Farming, Fishing, and Forestry"
Forest and Conservation Technicians,"Farming, Fishing, and Forestry"
Forest and Conservation Workers,"Farming, Fishing, and Forestry"
Foresters,"Farming, Fishing, and Forestry"
"Forestry and Conservation Science Teachers, Postsecondary","Education, Legal, Community Service, Arts, and Media"
"Forging Machine Setters, Operators, and Tenders, Metal and Plastic","Farming, Fishing, and Forestry"
Foundry Mold and Coremakers,Production
"Fraud Examiners, Investigators and Analysts","Management, Business, and Financial"
Freight Forwarders,Transportation and Material Moving
Freight and Cargo Inspectors,Transportation and Material Moving
Fuel Cell Engineers,"Computer, Engineering, and Science"
Fuel Cell Technicians,"Installation, Maintenance, and Repair"
Fundraisers,"Education, Legal, Community Service, Arts, and Media"
Funeral Attendants,Service
Funeral Service Managers,"Management, Business, and Financial"
"Furnace, Kiln, Oven, Drier, and Kettle Operators and Tenders",Production
Furniture Finishers,Production
Gaming Cage Workers,"Education, Legal, Community Service, Arts, and Media"
Gaming Change Persons and Booth Cashiers,Service
Gaming Dealers,Service
Gaming Managers,"Management, Business, and Financial"
Gaming Supervisors,"Management, Business, and Financial"
Gaming Surveillance Officers and Gaming Investigators,Office and Administrative Support
Gaming and Sports Book Writers and Runners,"Education, Legal, Community Service, Arts, and Media"
Gas Compressor and Gas Pumping Station Operators,Construction and Extraction
Gas Plant Operators,Transportation and Material Moving
Gem and Diamond Workers,Production
General and Operations Managers,"Management, Business, and Financial"
Genetic Counselors,"Education, Legal, Community Service, Arts, and Media"
Geneticists,"Computer, Engineering, and Science"
Geodetic Surveyors,"Computer, Engineering, and Science"
Geographers,"Computer, Engineering, and Science"
Geographic Information Systems Technicians,"Computer, Engineering, and Science"
"Geography Teachers, Postsecondary","Education, Legal, Community Service, Arts, and Media"
Geological Sample Test Technicians,Construction and Extraction
Geophysical Data Technicians,Construction and Extraction
"Geoscientists, Except Hydrologists and Geographers","Computer, Engineering, and Science"
Geospatial Information Scientists and Technologists,"Computer, Engineering, and Science"
Geothermal Production Managers,"Management, Business, and Financial"
Geothermal Technicians,Construction and Extraction
"Glass Blowers, Molders, Benders, and Finishers",Production
Glaziers,Production
Government Property Inspectors and Investigators,"Education, Legal, Community Service, Arts, and Media"
"Graders and Sorters, Agricultural Products","Farming, Fishing, and Forestry"
Graduate Teaching Assistants,"Education, Legal, Community Service, Arts, and Media"
Graphic Designers,"Education, Legal, Community Service, Arts, and Media"
Green Marketers,Sales and Related
"Grinding and Polishing Workers, Hand",Production
"Grinding, Lapping, Polishing, and Buffing Machine Tool Setters, Operators, and Tenders, Metal and Plastic",Production
"Hairdressers, Hairstylists, and Cosmetologists",Service
Hazardous Materials Removal Workers,Transportation and Material Moving
Health Educators,"Education, Legal, Community Service, Arts, and Media"
"Health Specialties Teachers, Postsecondary","Education, Legal, Community Service, Arts, and Media"
Healthcare Social Workers,Healthcare Practitioners and Technical
Hearing Aid Specialists,Healthcare Practitioners and Technical
"Heat Treating Equipment Setters, Operators, and Tenders, Metal and Plastic",Production
Heating and Air Conditioning Mechanics and Installers,"Installation, Maintenance, and Repair"
Heavy and Tractor-Trailer Truck Drivers,Transportation and Material Moving
"Helpers--Brickmasons, Blockmasons, Stonemasons, and Tile and Marble Setters",Construction and Extraction
Helpers--Carpenters,Service
Helpers--Electricians,Construction and Extraction
Helpers--Extraction Workers,Construction and Extraction
"Helpers--Installation, Maintenance, and Repair Workers","Installation, Maintenance, and Repair"
"Helpers--Painters, Paperhangers, Plasterers, and Stucco Masons",Construction and Extraction
"Helpers--Pipelayers, Plumbers, Pipefitters, and Steamfitters",Construction and Extraction
Helpers--Production Workers,Production
Helpers--Roofers,Construction and Extraction
Highway Maintenance Workers,"Installation, Maintenance, and Repair"
Historians,"Computer, Engineering, and Science"
"History Teachers, Postsecondary","Education, Legal, Community Service, Arts, and Media"
Histotechnologists and Histologic Technicians,Healthcare Practitioners and Technical
Hoist and Winch Operators,Construction and Extraction
Home Appliance Repairers,"Installation, Maintenance, and Repair"
"Home Economics Teachers, Postsecondary","Education, Legal, Community Service, Arts, and Media"
Home Health Aides,Healthcare Practitioners and Technical
Hospitalists,"Education, Legal, Community Service, Arts, and Media"
"Hosts and Hostesses, Restaurant, Lounge, and Coffee Shop",Service
"Hotel, Motel, and Resort Desk Clerks",Office and Administrative Support
Human Factors Engineers and Ergonomists,"Computer, Engineering, and Science"
"Human Resources Assistants, Except Payroll and Timekeeping",Office and Administrative Support
Human Resources Managers,"Management, Business, and Financial"
Human Resources Specialists,"Management, Business, and Financial"
Hunters and Trappers,"Farming, Fishing, and Forestry"
Hydroelectric Plant Technicians,"Installation, Maintenance, and Repair"
Hydroelectric Production Managers,"Management, Business, and Financial"
Hydrologists,"Computer, Engineering, and Science"
Immigration and Customs Inspectors,"Education, Legal, Community Service, Arts, and Media"
Industrial Ecologists,"Computer, Engineering, and Science"
Industrial Engineering Technicians,"Computer, Engineering, and Science"
Industrial Engineering Technologists,"Computer, Engineering, and Science"
Industrial Engineers,"Computer, Engineering, and Science"
Industrial Machinery Mechanics,"Installation, Maintenance, and Repair"
Industrial Production Managers,"Management, Business, and Financial"
Industrial Safety and Health Engineers,"Computer, Engineering, and Science"
Industrial Truck and Tractor Operators,Transportation and Material Moving
Industrial-Organizational Psychologists,Healthcare Practitioners and Technical
Informatics Nurse Specialists,"Computer, Engineering, and Science"
Information Security Analysts,"Computer, Engineering, and Science"
Information Technology Project Managers,"Management, Business, and Financial"
"Inspectors, Testers, Sorters, Samplers, and Weighers","Installation, Maintenance, and Repair"
Instructional Coordinators,"Education, Legal, Community Service, Arts, and Media"
Instructional Designers and Technologists,Office and Administrative Support
"Insulation Workers, Floor, Ceiling, and Wall","Installation, Maintenance, and Repair"
"Insulation Workers, Mechanical",Production
"Insurance Adjusters, Examiners, and Investigators","Management, Business, and Financial"
"Insurance Appraisers, Auto Damage","Management, Business, and Financial"
Insurance Claims Clerks,"Management, Business, and Financial"
Insurance Policy Processing Clerks,"Management, Business, and Financial"
Insurance Sales Agents,Sales and Related
Insurance Underwriters,"Management, Business, and Financial"
Intelligence Analysts,"Management, Business, and Financial"
Interior Designers,Construction and Extraction
"Internists, General",Healthcare Practitioners and Technical
Interpreters and Translators,Service
"Interviewers, Except Eligibility and Loan","Education, Legal, Community Service, Arts, and Media"
Investment Fund Managers,"Management, Business, and Financial"
Investment Underwriters,"Management, Business, and Financial"
"Janitors and Cleaners, Except Maids and Housekeeping Cleaners",Service
Jewelers,Production
"Judges, Magistrate Judges, and Magistrates","Education, Legal, Community Service, Arts, and Media"
Judicial Law Clerks,Office and Administrative Support
"Kindergarten Teachers, Except Special Education","Education, Legal, Community Service, Arts, and Media"
Labor Relations Specialists,"Management, Business, and Financial"
"Laborers and Freight, Stock, and Material Movers, Hand",Transportation and Material Moving
Landscape Architects,Construction and Extraction
Landscaping and Groundskeeping Workers,Construction and Extraction
"Lathe and Turning Machine Tool Setters, Operators, and Tenders, Metal and Plastic",Production
Laundry and Dry-Cleaning Workers,Service
"Law Teachers, Postsecondary","Education, Legal, Community Service, Arts, and Media"
Lawyers,"Education, Legal, Community Service, Arts, and Media"
"Layout Workers, Metal and Plastic",Production
Legal Secretaries,"Education, Legal, Community Service, Arts, and Media"
Legislators,"Education, Legal, Community Service, Arts, and Media"
Librarians,"Education, Legal, Community Service, Arts, and Media"
"Library Assistants, Clerical","Education, Legal, Community Service, Arts, and Media"
"Library Science Teachers, Postsecondary","Education, Legal, Community Service, Arts, and Media"
Library Technicians,"Education, Legal, Community Service, Arts, and Media"
License Clerks,Office and Administrative Support
Licensed Practical and Licensed Vocational Nurses,Healthcare Practitioners and Technical
Licensing Examiners and Inspectors,"Education, Legal, Community Service, Arts, and Media"
"Lifeguards, Ski Patrol, and Other Recreational Protective Service Workers",Service
Light Truck or Delivery Services Drivers,Transportation and Material Moving
"Loading Machine Operators, Underground Mining",Construction and Extraction
Loan Counselors,"Management, Business, and Financial"
Loan Interviewers and Clerks,Office and Administrative Support
Loan Officers,"Management, Business, and Financial"
"Locker Room, Coatroom, and Dressing Room Attendants",Service
Locksmiths and Safe Repairers,"Installation, Maintenance, and Repair"
Locomotive Engineers,Transportation and Material Moving
Locomotive Firers,Transportation and Material Moving
Lodging Managers,"Management, Business, and Financial"
Log Graders and Scalers,"Farming, Fishing, and Forestry"
Logging Equipment Operators,"Farming, Fishing, and Forestry"
Logisticians,Transportation and Material Moving
Logistics Analysts,Transportation and Material Moving
Logistics Engineers,Transportation and Material Moving
Logistics Managers,"Management, Business, and Financial"
Loss Prevention Managers,"Management, Business, and Financial"
"Low Vision Therapists, Orientation and Mobility Specialists, and Vision Rehabilitation Therapists",Healthcare Practitioners and Technical
Machine Feeders and Offbearers,"Installation, Maintenance, and Repair"
Machinists,Production
Magnetic Resonance Imaging Technologists,"Education, Legal, Community Service, Arts, and Media"
Maids and Housekeeping Cleaners,Service
"Mail Clerks and Mail Machine Operators, Except Postal Service",Office and Administrative Support
"Maintenance Workers, Machinery","Installation, Maintenance, and Repair"
"Maintenance and Repair Workers, General","Installation, Maintenance, and Repair"
"Makeup Artists, Theatrical and Performance","Education, Legal, Community Service, Arts, and Media"
Management Analysts,"Management, Business, and Financial"
Manicurists and Pedicurists,Healthcare Practitioners and Technical
Manufactured Building and Mobile Home Installers,"Installation, Maintenance, and Repair"
Manufacturing Engineering Technologists,Production
Manufacturing Engineers,Production
Manufacturing Production Technicians,Production
Mapping Technicians,Service
Marine Architects,Transportation and Material Moving
Marine Engineers,"Computer, Engineering, and Science"
Market Research Analysts and Marketing Specialists,"Management, Business, and Financial"
Marketing Managers,"Management, Business, and Financial"
Marking Clerks,Office and Administrative Support
Marriage and Family Therapists,Healthcare Practitioners and Technical
Massage Therapists,Healthcare Practitioners and Technical
Materials Engineers,"Computer, Engineering, and Science"
Materials Scientists,"Computer, Engineering, and Science"
"Mates- Ship, Boat, and Barge",Transportation and Material Moving
"Mathematical Science Teachers, Postsecondary","Education, Legal, Community Service, Arts, and Media"
Mathematical Technicians,"Computer, Engineering, and Science"
Mathematicians,"Computer, Engineering, and Science"
"Meat, Poultry, and Fish Cutters and Trimmers","Farming, Fishing, and Forestry"
Mechanical Door Repairers,"Installation, Maintenance, and Repair"
Mechanical Drafters,"Computer, Engineering, and Science"
Mechanical Engineering Technicians,"Computer, Engineering, and Science"
Mechanical Engineering Technologists,"Computer, Engineering, and Science"
Mechanical Engineers,"Computer, Engineering, and Science"
Mechatronics Engineers,"Computer, Engineering, and Science"
Medical Appliance Technicians,Healthcare Practitioners and Technical
Medical Assistants,Healthcare Practitioners and Technical
Medical Equipment Preparers,Healthcare Practitioners and Technical
Medical Equipment Repairers,"Installation, Maintenance, and Repair"
Medical Records and Health Information Technicians,Office and Administrative Support
"Medical Scientists, Except Epidemiologists",Healthcare Practitioners and Technical
Medical Secretaries,Healthcare Practitioners and Technical
Medical Transcriptionists,Healthcare Practitioners and Technical
Medical and Clinical Laboratory Technicians,Healthcare Practitioners and Technical
Medical and Clinical Laboratory Technologists,Healthcare Practitioners and Technical
Medical and Health Services Managers,"Management, Business, and Financial"
"Meeting, Convention, and Event Planners",Service
Mental Health Counselors,Healthcare Practitioners and Technical
Mental Health and Substance Abuse Social Workers,"Education, Legal, Community Service, Arts, and Media"
Merchandise Displayers and Window Trimmers,"Education, Legal, Community Service, Arts, and Media"
Metal-Refining Furnace Operators and Tenders,Production
"Meter Readers, Utilities","Education, Legal, Community Service, Arts, and Media"
Methane/Landfill Gas Collection System Operators,Construction and Extraction
Methane/Landfill Gas Generation System Technicians,Construction and Extraction
Microbiologists,"Computer, Engineering, and Science"
Microsystems Engineers,"Computer, Engineering, and Science"
"Middle School Teachers, Except Special and Career/Technical Education","Education, Legal, Community Service, Arts, and Media"
Midwives,"Education, Legal, Community Service, Arts, and Media"
"Milling and Planing Machine Setters, Operators, and Tenders, Metal and Plastic",Production
Millwrights,"Installation, Maintenance, and Repair"
Mine Cutting and Channeling Machine Operators,Production
Mine Shuttle Car Operators,Transportation and Material Moving
"Mining and Geological Engineers, Including Mining Safety Engineers","Computer, Engineering, and Science"
"Mixing and Blending Machine Setters, Operators, and Tenders",Production
"Mobile Heavy Equipment Mechanics, Except Engines","Installation, Maintenance, and Repair"
"Model Makers, Metal and Plastic",Production
"Model Makers, Wood",Production
Models,"Education, Legal, Community Service, Arts, and Media"
Molding and Casting Workers,Production
"Molding, Coremaking, and Casting Machine Setters, Operators, and Tenders, Metal and Plastic",Production
Molecular and Cellular Biologists,"Computer, Engineering, and Science"
"Morticians, Undertakers, and Funeral Directors",Service
Motion Picture Projectionists,"Education, Legal, Community Service, Arts, and Media"
Motorboat Mechanics and Service Technicians,"Installation, Maintenance, and Repair"
Motorboat Operators,Transportation and Material Moving
Motorcycle Mechanics,"Installation, Maintenance, and Repair"
Multimedia Artists and Animators,"Education, Legal, Community Service, Arts, and Media"
"Multiple Machine Tool Setters, Operators, and Tenders, Metal and Plastic","Installation, Maintenance, and Repair"
Municipal Clerks,Office and Administrative Support
Municipal Fire Fighting and Prevention Supervisors,"Management, Business, and Financial"
Municipal Firefighters,"Education, Legal, Community Service, Arts, and Media"
Museum Technicians and Conservators,"Education, Legal, Community Service, Arts, and Media"
Music Composers and Arrangers,"Education, Legal, Community Service, Arts, and Media"
Music Directors,"Education, Legal, Community Service, Arts, and Media"
Music Therapists,Healthcare Practitioners and Technical
Musical Instrument Repairers and Tuners,"Installation, Maintenance, and Repair"
"Musicians, Instrumental","Education, Legal, Community Service, Arts, and Media"
Nannies,Service
Nanosystems Engineers,"Computer, Engineering, and Science"
Nanotechnology Engineering Technicians,"Computer, Engineering, and Science"
Nanotechnology Engineering Technologists,"Computer, Engineering, and Science"
Natural Sciences Managers,"Management, Business, and Financial"
Naturopathic Physicians,"Education, Legal, Community Service, Arts, and Media"
Network and Computer Systems Administrators,"Computer, Engineering, and Science"
Neurodiagnostic Technologists,Healthcare Practitioners and Technical
Neurologists,"Education, Legal, Community Service, Arts, and Media"
Neuropsychologists and Clinical Neuropsychologists,"Education, Legal, Community Service, Arts, and Media"
New Accounts Clerks,"Management, Business, and Financial"
Non-Destructive Testing Specialists,Construction and Extraction
Nonfarm Animal Caretakers,"Farming, Fishing, and Forestry"
Nuclear Engineers,"Computer, Engineering, and Science"
Nuclear Equipment Operation Technicians,"Computer, Engineering, and Science"
Nuclear Medicine Physicians,"Education, Legal, Community Service, Arts, and Media"
Nuclear Medicine Technologists,"Education, Legal, Community Service, Arts, and Media"
Nuclear Monitoring Technicians,"Computer, Engineering, and Science"
Nuclear Power Reactor Operators,"Computer, Engineering, and Science"
Nurse Anesthetists,Healthcare Practitioners and Technical
Nurse Midwives,Healthcare Practitioners and Technical
Nurse Practitioners,Healthcare Practitioners and Technical
Nursery Workers,Healthcare Practitioners and Technical
Nursery and Greenhouse Managers,"Management, Business, and Financial"
Nursing Assistants,"Education, Legal, Community Service, Arts, and Media"
"Nursing Instructors and Teachers, Postsecondary","Education, Legal, Community Service, Arts, and Media"
Obstetricians and Gynecologists,"Education, Legal, Community Service, Arts, and Media"
Occupational Health and Safety Specialists,Healthcare Practitioners and Technical
Occupational Health and Safety Technicians,"Installation, Maintenance, and Repair"
Occupational Therapists,Healthcare Practitioners and Technical
Occupational Therapy Aides,Healthcare Practitioners and Technical
Occupational Therapy Assistants,Healthcare Practitioners and Technical
"Office Clerks, General",Office and Administrative Support
"Office Machine Operators, Except Computer",Office and Administrative Support
Online Merchants,Sales and Related
Operating Engineers and Other Construction Equipment Operators,"Computer, Engineering, and Science"
Operations Research Analysts,"Management, Business, and Financial"
Ophthalmic Laboratory Technicians,Healthcare Practitioners and Technical
Ophthalmic Medical Technicians,Healthcare Practitioners and Technical
Ophthalmic Medical Technologists,Healthcare Practitioners and Technical
Ophthalmologists,"Education, Legal, Community Service, Arts, and Media"
"Opticians, Dispensing",Healthcare Practitioners and Technical
Optometrists,"Education, Legal, Community Service, Arts, and Media"
Oral and Maxillofacial Surgeons,Healthcare Practitioners and Technical
Order Clerks,Office and Administrative Support
"Order Fillers, Wholesale and Retail Sales",Sales and Related
Orderlies,Healthcare Practitioners and Technical
Orthodontists,Healthcare Practitioners and Technical
Orthoptists,"Education, Legal, Community Service, Arts, and Media"
Orthotists and Prosthetists,Healthcare Practitioners and Technical
Outdoor Power Equipment and Other Small Engine Mechanics,"Installation, Maintenance, and Repair"
Packaging and Filling Machine Operators and Tenders,Production
"Packers and Packagers, Hand",Production
"Painters, Construction and Maintenance","Installation, Maintenance, and Repair"
"Painters, Transportation Equipment",Transportation and Material Moving
"Painting, Coating, and Decorating Workers","Installation, Maintenance, and Repair"
"Paper Goods Machine Setters, Operators, and Tenders","Installation, Maintenance, and Repair"
Paperhangers,"Installation, Maintenance, and Repair"
Paralegals and Legal Assistants,"Education, Legal, Community Service, Arts, and Media"
Park Naturalists,"Farming, Fishing, and Forestry"
Parking Enforcement Workers,Transportation and Material Moving
Parking Lot Attendants,Transportation and Material Moving
Parts Salespersons,Sales and Related
Pathologists,"Education, Legal, Community Service, Arts, and Media"
Patient Representatives,"Education, Legal, Community Service, Arts, and Media"
"Patternmakers, Metal and Plastic",Production
"Patternmakers, Wood",Production
"Paving, Surfacing, and Tamping Equipment Operators",Construction and Extraction
Payroll and Timekeeping Clerks,Office and Administrative Support
"Pediatricians, General",Healthcare Practitioners and Technical
Personal Care Aides,Healthcare Practitioners and Technical
Personal Financial Advisors,"Management, Business, and Financial"
Pest Control Workers,"Farming, Fishing, and Forestry"
"Pesticide Handlers, Sprayers, and Applicators, Vegetation","Farming, Fishing, and Forestry"
Petroleum Engineers,"Computer, Engineering, and Science"
"Petroleum Pump System Operators, Refinery Operators, and Gaugers",Construction and Extraction
Pharmacists,"Education, Legal, Community Service, Arts, and Media"
Pharmacy Aides,Healthcare Practitioners and Technical
Pharmacy Technicians,"Education, Legal, Community Service, Arts, and Media"
"Philosophy and Religion Teachers, Postsecondary","Education, Legal, Community Service, Arts, and Media"
Phlebotomists,"Education, Legal, Community Service, Arts, and Media"
Photographers,"Education, Legal, Community Service, Arts, and Media"
Photographic Process Workers and Processing Machine Operators,"Education, Legal, Community Service, Arts, and Media"
Photonics Engineers,"Computer, Engineering, and Science"
Photonics Technicians,"Installation, Maintenance, and Repair"
Physical Medicine and Rehabilitation Physicians,"Education, Legal, Community Service, Arts, and Media"
Physical Therapist Aides,Healthcare Practitioners and Technical
Physical Therapist Assistants,Healthcare Practitioners and Technical
Physical Therapists,Healthcare Practitioners and Technical
Physician Assistants,"Education, Legal, Community Service, Arts, and Media"
Physicists,"Computer, Engineering, and Science"
"Physics Teachers, Postsecondary","Education, Legal, Community Service, Arts, and Media"
Pile-Driver Operators,"Installation, Maintenance, and Repair"
"Pilots, Ship",Transportation and Material Moving
Pipe Fitters and Steamfitters,"Installation, Maintenance, and Repair"
Pipelayers,"Installation, Maintenance, and Repair"
Plasterers and Stucco Masons,Construction and Extraction
"Plating and Coating Machine Setters, Operators, and Tenders, Metal and Plastic","Computer, Engineering, and Science"
Plumbers,"Installation, Maintenance, and Repair"
Podiatrists,"Education, Legal, Community Service, Arts, and Media"
"Poets, Lyricists and Creative Writers","Education, Legal, Community Service, Arts, and Media"
Police Detectives,"Education, Legal, Community Service, Arts, and Media"
Police Identification and Records Officers,"Education, Legal, Community Service, Arts, and Media"
Police Patrol Officers,"Education, Legal, Community Service, Arts, and Media"
"Police, Fire, and Ambulance Dispatchers","Education, Legal, Community Service, Arts, and Media"
"Political Science Teachers, Postsecondary","Education, Legal, Community Service, Arts, and Media"
Political Scientists,"Computer, Engineering, and Science"
Postal Service Clerks,Office and Administrative Support
Postal Service Mail Carriers,Transportation and Material Moving
"Postal Service Mail Sorters, Processors, and Processing Machine Operators",Transportation and Material Moving
Postmasters and Mail Superintendents,"Management, Business, and Financial"
"Potters, Manufacturing",Production
"Pourers and Casters, Metal",Production
Power Distributors and Dispatchers,Construction and Extraction
Power Plant Operators,"Installation, Maintenance, and Repair"
Precious Metal Workers,Production
Precision Agriculture Technicians,"Farming, Fishing, and Forestry"
Prepress Technicians and Workers,Production
"Preschool Teachers, Except Special Education","Education, Legal, Community Service, Arts, and Media"
"Pressers, Textile, Garment, and Related Materials",Production
Preventive Medicine Physicians,"Education, Legal, Community Service, Arts, and Media"
Print Binding and Finishing Workers,Production
Printing Press Operators,Production
Private Detectives and Investigators,"Education, Legal, Community Service, Arts, and Media"
Probation Officers and Correctional Treatment Specialists,"Education, Legal, Community Service, Arts, and Media"
Procurement Clerks,Office and Administrative Support
Producers,"Education, Legal, Community Service, Arts, and Media"
Product Safety Engineers,"Computer, Engineering, and Science"
"Production, Planning, and Expediting Clerks",Production
Program Directors,"Management, Business, and Financial"
Proofreaders and Copy Markers,Office and Administrative Support
"Property, Real Estate, and Community Association Managers","Management, Business, and Financial"
Prosthodontists,Healthcare Practitioners and Technical
Psychiatric Aides,"Education, Legal, Community Service, Arts, and Media"
Psychiatric Technicians,"Education, Legal, Community Service, Arts, and Media"
Psychiatrists,"Education, Legal, Community Service, Arts, and Media"
"Psychology Teachers, Postsecondary","Education, Legal, Community Service, Arts, and Media"
Public Address System and Other Announcers,"Education, Legal, Community Service, Arts, and Media"
Public Relations Specialists,Service
Public Relations and Fundraising Managers,"Management, Business, and Financial"
"Pump Operators, Except Wellhead Pumpers","Installation, Maintenance, and Repair"
"Purchasing Agents, Except Wholesale, Retail, and Farm Products",Sales and Related
Purchasing Managers,"Management, Business, and Financial"
Quality Control Analysts,Office and Administrative Support
Quality Control Systems Managers,"Management, Business, and Financial"
Radiation Therapists,Healthcare Practitioners and Technical
Radio Frequency Identification Device Specialists,"Education, Legal, Community Service, Arts, and Media"
Radio Mechanics,"Installation, Maintenance, and Repair"
Radio Operators,"Installation, Maintenance, and Repair"
Radio and Television Announcers,"Education, Legal, Community Service, Arts, and Media"
"Radio, Cellular, and Tower Equipment Installers and Repairers","Installation, Maintenance, and Repair"
Radiologic Technicians,"Education, Legal, Community Service, Arts, and Media"
Radiologic Technologists,Healthcare Practitioners and Technical
Radiologists,"Education, Legal, Community Service, Arts, and Media"
Rail Car Repairers,"Installation, Maintenance, and Repair"
"Rail Yard Engineers, Dinkey Operators, and Hostlers",Transportation and Material Moving
Rail-Track Laying and Maintenance Equipment Operators,"Installation, Maintenance, and Repair"
"Railroad Brake, Signal, and Switch Operators",Transportation and Material Moving
Railroad Conductors and Yardmasters,Transportation and Material Moving
Range Managers,"Management, Business, and Financial"
Real Estate Brokers,"Management, Business, and Financial"
Real Estate Sales Agents,Sales and Related
Receptionists and Information Clerks,Office and Administrative Support
Recreation Workers,"Education, Legal, Community Service, Arts, and Media"
"Recreation and Fitness Studies Teachers, Postsecondary","Education, Legal, Community Service, Arts, and Media"
Recreational Therapists,Healthcare Practitioners and Technical
Recreational Vehicle Service Technicians,"Installation, Maintenance, and Repair"
Recycling Coordinators,"Education, Legal, Community Service, Arts, and Media"
Recycling and Reclamation Workers,Transportation and Material Moving
"Refractory Materials Repairers, Except Brickmasons",Construction and Extraction
Refrigeration Mechanics and Installers,"Installation, Maintenance, and Repair"
Refuse and Recyclable Material Collectors,Transportation and Material Moving
Registered Nurses,Healthcare Practitioners and Technical
Regulatory Affairs Managers,"Management, Business, and Financial"
Regulatory Affairs Specialists,"Education, Legal, Community Service, Arts, and Media"
Rehabilitation Counselors,Healthcare Practitioners and Technical
Reinforcing Iron and Rebar Workers,Construction and Extraction
Remote Sensing Scientists and Technologists,"Computer, Engineering, and Science"
Remote Sensing Technicians,"Computer, Engineering, and Science"
Reporters and Correspondents,Service
Reservation and Transportation Ticket Agents and Travel Clerks,Service
Residential Advisors,"Education, Legal, Community Service, Arts, and Media"
Respiratory Therapists,Healthcare Practitioners and Technical
Respiratory Therapy Technicians,Healthcare Practitioners and Technical
Retail Loss Prevention Specialists,"Management, Business, and Financial"
Retail Salespersons,Sales and Related
Riggers,"Management, Business, and Financial"
Risk Management Specialists,"Computer, Engineering, and Science"
Robotics Engineers,"Computer, Engineering, and Science"
Robotics Technicians,"Computer, Engineering, and Science"
"Rock Splitters, Quarry",Construction and Extraction
"Rolling Machine Setters, Operators, and Tenders, Metal and Plastic",Production
"Roof Bolters, Mining",Construction and Extraction
Roofers,"Installation, Maintenance, and Repair"
"Rotary Drill Operators, Oil and Gas",Construction and Extraction
Rough Carpenters,Construction and Extraction
"Roustabouts, Oil and Gas",Construction and Extraction
Sailors and Marine Oilers,Construction and Extraction
"Sales Agents, Financial Services",Sales and Related
"Sales Agents, Securities and Commodities",Sales and Related
Sales Engineers,Sales and Related
Sales Managers,"Management, Business, and Financial"
"Sales Representatives, Wholesale and Manufacturing, Except Technical and Scientific Products",Sales and Related
"Sales Representatives, Wholesale and Manufacturing, Technical and Scientific Products",Sales and Related
"Sawing Machine Setters, Operators, and Tenders, Wood","Installation, Maintenance, and Repair"
School Psychologists,Healthcare Practitioners and Technical
Search Marketing Strategists,"Management, Business, and Financial"
"Secondary School Teachers, Except Special and Career/Technical Education","Education, Legal, Community Service, Arts, and Media"
"Secretaries and Administrative Assistants, Except Legal, Medical, and Executive",Office and Administrative Support
Securities and Commodities Traders,"Computer, Engineering, and Science"
Security Guards,"Education, Legal, Community Service, Arts, and Media"
Security Management Specialists,"Installation, Maintenance, and Repair"
Security Managers,"Management, Business, and Financial"
Security and Fire Alarm Systems Installers,"Installation, Maintenance, and Repair"
Segmental Pavers,Construction and Extraction
Self-Enrichment Education Teachers,"Education, Legal, Community Service, Arts, and Media"
Semiconductor Processors,"Installation, Maintenance, and Repair"
"Separating, Filtering, Clarifying, Precipitating, and Still Machine Setters, Operators, and Tenders","Installation, Maintenance, and Repair"
Septic Tank Servicers and Sewer Pipe Cleaners,Service
"Service Unit Operators, Oil, Gas, and Mining",Construction and Extraction
Set and Exhibit Designers,"Education, Legal, Community Service, Arts, and Media"
"Sewers, Hand",Production
Sewing Machine Operators,Production
Shampooers,Service
Sheet Metal Workers,Production
Sheriffs and Deputy Sheriffs,"Education, Legal, Community Service, Arts, and Media"
Ship Engineers,Transportation and Material Moving
Ship and Boat Captains,Transportation and Material Moving
"Shipping, Receiving, and Traffic Clerks",Transportation and Material Moving
Shoe Machine Operators and Tenders,Office and Administrative Support
Shoe and Leather Workers and Repairers,"Installation, Maintenance, and Repair"
Signal and Track Switch Repairers,"Installation, Maintenance, and Repair"
Singers,"Education, Legal, Community Service, Arts, and Media"
Skincare Specialists,Healthcare Practitioners and Technical
Slaughterers and Meat Packers,Service
Slot Supervisors,"Management, Business, and Financial"
Social Science Research Assistants,"Computer, Engineering, and Science"
"Social Work Teachers, Postsecondary","Education, Legal, Community Service, Arts, and Media"
Social and Community Service Managers,"Management, Business, and Financial"
Social and Human Service Assistants,Office and Administrative Support
Sociologists,"Computer, Engineering, and Science"
"Sociology Teachers, Postsecondary","Education, Legal, Community Service, Arts, and Media"
"Software Developers, Applications","Computer, Engineering, and Science"
"Software Developers, Systems Software","Computer, Engineering, and Science"
Software Quality Assurance Engineers and Testers,"Computer, Engineering, and Science"
Soil and Plant Scientists,"Farming, Fishing, and Forestry"
Soil and Water Conservationists,"Farming, Fishing, and Forestry"
Solar Energy Installation Managers,"Management, Business, and Financial"
Solar Energy Systems Engineers,"Computer, Engineering, and Science"
Solar Photovoltaic Installers,"Installation, Maintenance, and Repair"
Solar Sales Representatives and Assessors,Sales and Related
Solar Thermal Installers and Technicians,"Installation, Maintenance, and Repair"
Solderers and Brazers,Production
Sound Engineering Technicians,"Computer, Engineering, and Science"
Spa Managers,"Management, Business, and Financial"
"Special Education Teachers, Kindergarten and Elementary School","Education, Legal, Community Service, Arts, and Media"
"Special Education Teachers, Middle School","Education, Legal, Community Service, Arts, and Media"
"Special Education Teachers, Preschool","Education, Legal, Community Service, Arts, and Media"
"Special Education Teachers, Secondary School","Education, Legal, Community Service, Arts, and Media"
Speech-Language Pathologists,"Education, Legal, Community Service, Arts, and Media"
Speech-Language Pathology Assistants,Healthcare Practitioners and Technical
Sports Medicine Physicians,Healthcare Practitioners and Technical
Statement Clerks,Office and Administrative Support
Stationary Engineers and Boiler Operators,"Computer, Engineering, and Science"
Statistical Assistants,"Computer, Engineering, and Science"
Statisticians,"Computer, Engineering, and Science"
"Stock Clerks, Sales Floor",Sales and Related
"Stock Clerks- Stockroom, Warehouse, or Storage Yard",Transportation and Material Moving
"Stone Cutters and Carvers, Manufacturing",Construction and Extraction
Stonemasons,Construction and Extraction
Storage and Distribution Managers,"Management, Business, and Financial"
Structural Iron and Steel Workers,Production
Structural Metal Fabricators and Fitters,Production
Substance Abuse and Behavioral Disorder Counselors,"Education, Legal, Community Service, Arts, and Media"
Subway and Streetcar Operators,Transportation and Material Moving
Supply Chain Managers,"Management, Business, and Financial"
Surgeons,Healthcare Practitioners and Technical
Surgical Assistants,"Education, Legal, Community Service, Arts, and Media"
Surgical Technologists,"Education, Legal, Community Service, Arts, and Media"
Survey Researchers,Office and Administrative Support
Surveying Technicians,"Computer, Engineering, and Science"
Surveyors,"Computer, Engineering, and Science"
Sustainability Specialists,Office and Administrative Support
"Switchboard Operators, Including Answering Service",Office and Administrative Support
"Tailors, Dressmakers, and Custom Sewers",Service
Talent Directors,"Education, Legal, Community Service, Arts, and Media"
"Tank Car, Truck, and Ship Loaders",Transportation and Material Moving
Tapers,Construction and Extraction
"Tax Examiners and Collectors, and Revenue Agents","Management, Business, and Financial"
Tax Preparers,"Management, Business, and Financial"
Taxi Drivers and Chauffeurs,Transportation and Material Moving
Teacher Assistants,"Education, Legal, Community Service, Arts, and Media"
Team Assemblers,"Management, Business, and Financial"
Technical Directors/Managers,"Management, Business, and Financial"
Technical Writers,Office and Administrative Support
Telecommunications Engineering Specialists,"Computer, Engineering, and Science"
"Telecommunications Equipment Installers and Repairers, Except Line Installers","Installation, Maintenance, and Repair"
Telecommunications Line Installers and Repairers,"Installation, Maintenance, and Repair"
Telemarketers,Sales and Related
Telephone Operators,Sales and Related
Tellers,Service
Terrazzo Workers and Finishers,Construction and Extraction
Textile Bleaching and Dyeing Machine Operators and Tenders,Production
"Textile Cutting Machine Setters, Operators, and Tenders",Production
"Textile Knitting and Weaving Machine Setters, Operators, and Tenders",Production
"Textile Winding, Twisting, and Drawing Out Machine Setters, Operators, and Tenders",Production
Tile and Marble Setters,"Installation, Maintenance, and Repair"
Timing Device Assemblers and Adjusters,"Installation, Maintenance, and Repair"
Tire Builders,Production
Tire Repairers and Changers,"Installation, Maintenance, and Repair"
"Title Examiners, Abstractors, and Searchers","Management, Business, and Financial"
"Tool Grinders, Filers, and Sharpeners",Production
Tool and Die Makers,Production
Tour Guides and Escorts,Service
Traffic Technicians,Transportation and Material Moving
Training and Development Managers,"Management, Business, and Financial"
Training and Development Specialists,"Management, Business, and Financial"
Transit and Railroad Police,Service
"Transportation Attendants, Except Flight Attendants",Transportation and Material Moving
Transportation Engineers,"Computer, Engineering, and Science"
Transportation Managers,"Management, Business, and Financial"
Transportation Planners,Transportation and Material Moving
Transportation Security Screeners,Office and Administrative Support
"Transportation Vehicle, Equipment and Systems Inspectors, Except Aviation","Installation, Maintenance, and Repair"
Travel Agents,Service
Travel Guides,Service
Treasurers and Controllers,"Management, Business, and Financial"
Tree Trimmers and Pruners,"Farming, Fishing, and Forestry"
Tutors,"Education, Legal, Community Service, Arts, and Media"
"Umpires, Referees, and Other Sports Officials","Education, Legal, Community Service, Arts, and Media"
Upholsterers,"Installation, Maintenance, and Repair"
Urban and Regional Planners,"Education, Legal, Community Service, Arts, and Media"
Urologists,Healthcare Practitioners and Technical
"Ushers, Lobby Attendants, and Ticket Takers",Service
Validation Engineers,"Computer, Engineering, and Science"
Veterinarians,"Farming, Fishing, and Forestry"
Veterinary Assistants and Laboratory Animal Caretakers,"Farming, Fishing, and Forestry"
Veterinary Technologists and Technicians,"Farming, Fishing, and Forestry"
Video Game Designers,"Computer, Engineering, and Science"
"Vocational Education Teachers, Postsecondary","Education, Legal, Community Service, Arts, and Media"
Waiters and Waitresses,Service
Watch Repairers,"Installation, Maintenance, and Repair"
Water Resource Specialists,Construction and Extraction
Water and Wastewater Treatment Plant and System Operators,"Installation, Maintenance, and Repair"
Water/Wastewater Engineers,"Computer, Engineering, and Science"
Weatherization Installers and Technicians,"Installation, Maintenance, and Repair"
Web Administrators,"Computer, Engineering, and Science"
Web Developers,"Computer, Engineering, and Science"
"Weighers, Measurers, Checkers, and Samplers, Recordkeeping",Office and Administrative Support
"Welders, Cutters, and Welder Fitters",Production
"Welding, Soldering, and Brazing Machine Setters, Operators, and Tenders","Installation, Maintenance, and Repair"
Wellhead Pumpers,Construction and Extraction
"Wholesale and Retail Buyers, Except Farm Products",Sales and Related
Wind Energy Engineers,"Computer, Engineering, and Science"
Wind Energy Operations Managers,"Management, Business, and Financial"
Wind Energy Project Managers,"Management, Business, and Financial"
Wind Turbine Service Technicians,"Computer, Engineering, and Science"
"Woodworking Machine Setters, Operators, and Tenders, Except Sawing","Farming, Fishing, and Forestry"
Word Processors and Typists,Office and Administrative Support
Zoologists and Wildlife Biologists,"Farming, Fishing, and Forestry"
